{
  "properties": {
    "connectionReferences": {},
    "definition": {
      "$schema": "https://schema.management.azure.com/providers/Microsoft.Logic/schemas/2016-06-01/workflowdefinition.json#",
      "contentVersion": "1.0.0.0",
      "parameters": {
        "$authentication": {
          "defaultValue": {},
          "type": "SecureObject"
        }
      },
      "triggers": {
        "manual": {
          "metadata": {
            "operationMetadataId": "d4cfd86f-0ba0-401d-a7c2-a85b8deb571e"
          },
          "type": "Request",
          "kind": "PowerAppV2",
          "inputs": {
            "schema": {
              "type": "object",
              "properties": {},
              "required": []
            }
          }
        }
      },
      "actions": {
        "FlashcardJSON": {
          "runAfter": {},
          "metadata": {
            "operationMetadataId": "8b705c1a-7f82-4e4e-95c7-20ba6c746a95"
          },
          "type": "Compose",
          "inputs": {
            "flashcards": [
              {
                "id": "fc001",
                "question": "What does HTML stand for?",
                "answer": "HyperText Markup Language",
                "category": "Web Development",
                "knownCount": 0
              },
              {
                "id": "fc002",
                "question": "What is the difference between 'let' and 'const' in JavaScript?",
                "answer": "'let' allows you to reassign the variable, while 'const' creates a constant reference that cannot be reassigned. Both are block-scoped.",
                "category": "JavaScript",
                "knownCount": 2
              },
              {
                "id": "fc003",
                "question": "What does CSS stand for?",
                "answer": "Cascading Style Sheets",
                "category": "Web Development",
                "knownCount": 0
              },
              {
                "id": "fc004",
                "question": "What is the capital of France?",
                "answer": "Paris",
                "category": "Geography",
                "knownCount": 5
              },
              {
                "id": "fc005",
                "question": "What is a closure in JavaScript?",
                "answer": "A closure is a function that has access to variables in its outer (enclosing) lexical scope, even after the outer function has returned.",
                "category": "JavaScript",
                "knownCount": 1
              },
              {
                "id": "fc006",
                "question": "What does DOM stand for?",
                "answer": "Document Object Model",
                "category": "Web Development",
                "knownCount": 3
              },
              {
                "id": "fc007",
                "question": "What is the Pythagorean theorem?",
                "answer": "In a right triangle, a² + b² = c², where c is the hypotenuse",
                "category": "Mathematics",
                "knownCount": 5
              },
              {
                "id": "fc008",
                "question": "What is the difference between '==' and '===' in JavaScript?",
                "answer": "'==' checks for value equality with type coercion, while '===' checks for both value and type equality (strict equality).",
                "category": "JavaScript",
                "knownCount": 4
              },
              {
                "id": "fc009",
                "question": "What is Flexbox used for in CSS?",
                "answer": "Flexbox is a CSS layout model that helps distribute space and align items in a container, making it easier to create responsive layouts.",
                "category": "CSS",
                "knownCount": 0
              },
              {
                "id": "fc010",
                "question": "Who wrote 'Romeo and Juliet'?",
                "answer": "William Shakespeare",
                "category": "Literature",
                "knownCount": 5
              },
              {
                "id": "fc011",
                "question": "What is the purpose of the 'async' keyword in JavaScript?",
                "answer": "The 'async' keyword declares an asynchronous function that returns a Promise and allows the use of 'await' inside it.",
                "category": "JavaScript",
                "knownCount": 2
              },
              {
                "id": "fc012",
                "question": "What are semantic HTML elements?",
                "answer": "HTML elements that clearly describe their meaning to both the browser and the developer, like <header>, <nav>, <article>, <footer>, etc.",
                "category": "HTML",
                "knownCount": 1
              },
              {
                "id": "fc013",
                "question": "What is the speed of light?",
                "answer": "Approximately 299,792,458 meters per second (or about 186,282 miles per second)",
                "category": "Science",
                "knownCount": 0
              },
              {
                "id": "fc014",
                "question": "What is event bubbling in JavaScript?",
                "answer": "Event bubbling is when an event triggered on a child element propagates up through its parent elements in the DOM tree.",
                "category": "JavaScript",
                "knownCount": 3
              },
              {
                "id": "fc015",
                "question": "What is the box model in CSS?",
                "answer": "The CSS box model describes the rectangular boxes generated for elements, consisting of content, padding, border, and margin.",
                "category": "CSS",
                "knownCount": 4
              },
              {
                "id": "fc016",
                "question": "What year did World War II end?",
                "answer": "1945",
                "category": "History",
                "knownCount": 5
              },
              {
                "id": "fc017",
                "question": "What is the difference between null and undefined in JavaScript?",
                "answer": "'undefined' means a variable has been declared but not assigned a value. 'null' is an intentional assignment representing no value or empty object.",
                "category": "JavaScript",
                "knownCount": 2
              },
              {
                "id": "fc018",
                "question": "What is CSS Grid?",
                "answer": "CSS Grid is a two-dimensional layout system that allows you to create complex responsive layouts using rows and columns.",
                "category": "CSS",
                "knownCount": 1
              },
              {
                "id": "fc019",
                "question": "What is the largest planet in our solar system?",
                "answer": "Jupiter",
                "category": "Science",
                "knownCount": 5
              },
              {
                "id": "fc020",
                "question": "What is hoisting in JavaScript?",
                "answer": "Hoisting is JavaScript's behavior of moving variable and function declarations to the top of their scope before code execution.",
                "category": "JavaScript",
                "knownCount": 0
              },
              {
                "id": "fc021",
                "question": "What does the 'viewport' meta tag do?",
                "answer": "It controls how a webpage is displayed on mobile devices by setting the viewport width and initial scale for responsive design.",
                "category": "HTML",
                "knownCount": 3
              },
              {
                "id": "fc022",
                "question": "What is the capital of Japan?",
                "answer": "Tokyo",
                "category": "Geography",
                "knownCount": 5
              },
              {
                "id": "fc023",
                "question": "What is the 'this' keyword in JavaScript?",
                "answer": "'this' refers to the object that is executing the current function. Its value depends on how the function is called.",
                "category": "JavaScript",
                "knownCount": 2
              },
              {
                "id": "fc024",
                "question": "What is specificity in CSS?",
                "answer": "Specificity determines which CSS rule is applied when multiple rules target the same element. It's calculated based on selector types (inline, IDs, classes, elements).",
                "category": "CSS",
                "knownCount": 1
              },
              {
                "id": "fc025",
                "question": "How many continents are there?",
                "answer": "Seven: Africa, Antarctica, Asia, Europe, North America, Australia (Oceania), and South America",
                "category": "Geography",
                "knownCount": 5
              },
              {
                "id": "fc026",
                "question": "What is the difference between a for loop and forEach in JavaScript?",
                "answer": "A for loop can be broken or continued with keywords, while forEach cannot. For loops can iterate over any iterable, forEach is only for arrays.",
                "category": "JavaScript",
                "knownCount": 0
              },
              {
                "id": "fc027",
                "question": "What is localStorage in the browser?",
                "answer": "localStorage is a web storage API that allows you to store key-value pairs in the browser with no expiration date, persisting even after the browser is closed.",
                "category": "Web Development",
                "knownCount": 4
              },
              {
                "id": "fc028",
                "question": "What is the chemical formula for water?",
                "answer": "H₂O (two hydrogen atoms and one oxygen atom)",
                "category": "Science",
                "knownCount": 5
              },
              {
                "id": "fc029",
                "question": "What is a Promise in JavaScript?",
                "answer": "A Promise is an object representing the eventual completion or failure of an asynchronous operation, with three states: pending, fulfilled, or rejected.",
                "category": "JavaScript",
                "knownCount": 3
              },
              {
                "id": "fc030",
                "question": "What is the purpose of the 'alt' attribute in an <img> tag?",
                "answer": "The 'alt' attribute provides alternative text for an image if it cannot be displayed, and is essential for accessibility and SEO.",
                "category": "HTML",
                "knownCount": 2
              },
              {
                "id": "fc031",
                "question": "Who painted the Mona Lisa?",
                "answer": "Leonardo da Vinci",
                "category": "Art",
                "knownCount": 5
              },
              {
                "id": "fc032",
                "question": "What is the spread operator in JavaScript?",
                "answer": "The spread operator (...) expands an iterable (like an array) into individual elements, useful for copying arrays or passing multiple arguments.",
                "category": "JavaScript",
                "knownCount": 1
              },
              {
                "id": "fc033",
                "question": "What is the z-index property in CSS?",
                "answer": "The z-index property controls the stacking order of positioned elements, with higher values appearing in front of lower values.",
                "category": "CSS",
                "knownCount": 0
              },
              {
                "id": "fc034",
                "question": "What is destructuring in JavaScript?",
                "answer": "Destructuring is a syntax that allows you to unpack values from arrays or properties from objects into distinct variables in a concise way.",
                "category": "JavaScript",
                "knownCount": 2
              },
              {
                "id": "fc035",
                "question": "What does HTTP stand for?",
                "answer": "HyperText Transfer Protocol",
                "category": "Web Development",
                "knownCount": 4
              },
              {
                "id": "fc036",
                "question": "What is the difference between margin and padding in CSS?",
                "answer": "Margin is the space outside an element's border, while padding is the space inside an element's border, between the border and content.",
                "category": "CSS",
                "knownCount": 5
              },
              {
                "id": "fc037",
                "question": "What is an API?",
                "answer": "Application Programming Interface - a set of rules and protocols that allows different software applications to communicate with each other.",
                "category": "Programming Concepts",
                "knownCount": 3
              },
              {
                "id": "fc038",
                "question": "What is the capital of Australia?",
                "answer": "Canberra",
                "category": "Geography",
                "knownCount": 0
              },
              {
                "id": "fc039",
                "question": "What is a callback function in JavaScript?",
                "answer": "A callback function is a function passed as an argument to another function, to be executed after the first function completes.",
                "category": "JavaScript",
                "knownCount": 4
              },
              {
                "id": "fc040",
                "question": "What is responsive web design?",
                "answer": "An approach to web design that makes web pages render well on various devices and screen sizes using flexible layouts, images, and CSS media queries.",
                "category": "Web Development",
                "knownCount": 5
              }
            ]
          }
        },
        "Respond_to_a_Power_App_or_flow": {
          "runAfter": {
            "FlashcardJSON": [
              "Succeeded"
            ]
          },
          "metadata": {
            "operationMetadataId": "06a60341-61f2-42c2-8b9a-fecf3c42590e"
          },
          "type": "Response",
          "kind": "PowerApp",
          "inputs": {
            "statusCode": 200,
            "body": {
              "res": "@{outputs('FlashcardJSON')}"
            },
            "schema": {
              "type": "object",
              "properties": {
                "res": {
                  "title": "res",
                  "x-ms-dynamically-added": true,
                  "type": "string"
                }
              }
            }
          }
        }
      }
    },
    "templateName": ""
  },
  "schemaVersion": "1.0.0.0"
}